title,classification,summary,reasoning
Can Someone Possess a Gun After a Criminal Conviction?,center,This article discusses the legality of gun possession for individuals with criminal convictions. It highlights federal laws that make it unlawful for certain individuals to possess firearms and the potential for a lifetime ban as a result.,The article provides a neutral and informative perspective on the topic without displaying any clear bias towards either the right or left-leaning political ideologies. It focuses on presenting the relevant federal laws and their implications rather than promoting a specific political agenda.
A Constitutional Perspective on Modern Gun Control,Center,"The article analyzes the constitutionality of modern gun control using various techniques for interpreting the Constitution. It discusses landmark Supreme Court cases, the historical context of the Second Amendment, modern gun control legislation, and the role of statistics and data in evaluating gun laws.","The article takes a balanced approach by examining historical context, legal precedents, and the use of statistics and data to evaluate gun control. It does not exhibit extreme right or left-leaning bias, making it a center classification."
A Constitutional Perspective on Modern Gun Control,Center,"The article analyzes the constitutionality of modern gun control using various techniques for interpreting the Constitution. It discusses landmark Supreme Court cases, the historical context of the Second Amendment, modern gun control legislation, and the role of statistics and data in evaluating gun laws.","The article takes a balanced approach by examining historical context, legal precedents, and modern data, indicating a center classification. It presents both the arguments for gun rights and the need for regulations, without leaning heavily towards either side of the political spectrum."
A Constitutional Perspective on Modern Gun Control,Center,"The article analyzes the constitutionality of modern gun control using various techniques for interpreting the Constitution. It discusses landmark Supreme Court cases, the historical context of the Second Amendment, modern gun control legislation, and the role of statistics and data in evaluating gun laws.","The article takes a balanced approach by examining historical context, legal precedents, and statistical evidence without explicitly leaning towards right or left-leaning ideologies. It presents a comprehensive analysis of the constitutional aspects of gun control, making it a center-leaning piece."
A Constitutional Perspective on Modern Gun Control,Center,"The article analyzes the constitutionality of modern gun control using various techniques for interpreting the Constitution. It discusses landmark Supreme Court cases, the historical context of the Second Amendment, modern gun control legislation, and the role of statistics and data in evaluating gun laws.","The article takes a balanced approach by examining historical context, legal precedents, and statistical evidence without explicitly leaning towards right or left-leaning ideologies. It presents a comprehensive analysis of the constitutional aspects of gun control, making it a center-leaning piece."
A Constitutional Perspective on Modern Gun Control,Center,"The article analyzes the constitutionality of modern gun control using various techniques for interpreting the Constitution. It discusses landmark Supreme Court cases, the historical context of the Second Amendment, modern gun control legislation, and the role of statistics and data in evaluating gun laws.","The article takes a balanced approach by examining historical context, legal precedents, and statistical evidence without explicitly leaning towards right or left-leaning ideologies. It presents a comprehensive analysis of the topic without displaying overt bias, hence classified as center-leaning."
A Constitutional Perspective on Modern Gun Control,Center,"The article analyzes the constitutionality of modern gun control using various techniques for interpreting the Constitution. It discusses landmark Supreme Court cases, the historical context of the Second Amendment, modern gun control legislation, and the role of statistics and data in evaluating gun laws.","The article takes a balanced approach by examining historical context, legal precedents, and statistical evidence to evaluate gun control. It does not exhibit extreme right or left-leaning bias, making it a center classification."
A Constitutional Perspective on Modern Gun Control,Center,"The article analyzes the constitutionality of modern gun control using various techniques for interpreting the Constitution. It discusses landmark Supreme Court cases, the historical context of the Second Amendment, modern gun control legislation, and the role of statistics and data in evaluating gun laws.","The article takes a balanced approach, considering historical context, modern interpretation, and statistical evidence in evaluating gun control. It does not exhibit extreme right or left-leaning bias, making it a center classification."
A Constitutional Perspective on Modern Gun Control,Center,"The article analyzes the constitutionality of modern gun control using various techniques for interpreting the Constitution. It discusses landmark Supreme Court cases, the historical context of the Second Amendment, modern gun control legislation, and the role of statistics and data in evaluating gun laws.","The article takes a balanced approach by examining historical context, legal precedents, and the use of statistics and data to evaluate gun control. It does not exhibit extreme right or left-leaning bias, making it a center classification."
A Constitutional Perspective on Modern Gun Control,Center,"The article analyzes the constitutionality of modern gun control using various techniques for interpreting the Constitution. It discusses landmark Supreme Court cases, the historical context of the Second Amendment, modern gun control legislation, and the role of statistics and data in evaluating gun laws.","The article takes a balanced approach by examining historical context, legal precedents, and statistical evidence without explicitly leaning towards right or left-leaning political ideologies. It presents a comprehensive analysis of the constitutional aspects of gun control, making it a center-leaning piece."
A Constitutional Perspective on Modern Gun Control,Center,"The article analyzes the constitutionality of modern gun control using various techniques for interpreting the Constitution. It discusses landmark Supreme Court cases, the historical context of the Second Amendment, modern gun control legislation, and the role of statistics and data in evaluating gun laws.","The article takes a balanced approach by examining historical context, legal precedents, and statistical evidence to evaluate the constitutionality of gun control. It does not exhibit extreme left or right-leaning bias, making it a center classification."
A Constitutional Perspective on Modern Gun Control,Center,"The article analyzes the constitutionality of modern gun control using various techniques for interpreting the Constitution. It discusses landmark Supreme Court cases, the historical context of the Second Amendment, modern gun control legislation, and the role of statistics and data in evaluating gun laws.","The article takes a balanced approach by examining historical context, legal precedents, and statistical evidence without explicitly leaning towards right or left-leaning ideologies. It presents a comprehensive analysis of the constitutional aspects of gun control, making it a center-leaning piece."
A Constitutional Perspective on Modern Gun Control,Center,"The article analyzes the constitutionality of modern gun control using various techniques for interpreting the Constitution. It discusses landmark Supreme Court cases, the historical context of the Second Amendment, modern gun control legislation, and the role of statistics and data in evaluating gun laws.","The article takes a balanced approach, discussing both the fundamental right to self-defense and the need for reasonable restrictions on firearm ownership. It acknowledges the importance of historical context and modern interpretation of the Constitution, indicating a center-leaning perspective."
A Constitutional Perspective on Modern Gun Control,Center,"The article analyzes the constitutionality of modern gun control using various techniques for interpreting the Constitution. It discusses landmark Supreme Court cases, the historical context of the Second Amendment, modern gun control legislation, and the role of statistics and data in evaluating gun laws.","The article takes a balanced approach by examining historical context, legal precedents, and statistical evidence without explicitly leaning towards right or left-leaning ideologies. It presents a comprehensive analysis of the constitutional aspects of gun control, making it a center-leaning piece."
Constitutional Woodworking,Center,"The article discusses the process of creating a fountain pen and case with engravings relating to the Constitution, as well as the inspiration behind the project and the abstract representation of Constitutional ideas.","The text discusses the Constitution and its interpretations from a neutral standpoint, without explicitly leaning towards right or left-wing ideologies. It focuses on the artistic and abstract representation of Constitutional ideas, making it a center-leaning piece."
Constitutional Woodworking,Center,"The article discusses the process of creating a fountain pen and case with engravings relating to the Constitution, as well as the inspiration behind the project and the abstract representation of Constitutional ideas.","The text discusses the Constitution and its interpretations from a neutral standpoint, without explicitly leaning towards right or left-wing ideologies. It focuses on the artistic and abstract representation of Constitutional ideas, making it a center-leaning piece."
A Constitutional Perspective on Modern Gun Control,Center,"The article analyzes the constitutionality of modern gun control using various techniques for interpreting the Constitution. It discusses landmark Supreme Court cases, the historical context of the Second Amendment, modern gun control legislation, and the role of statistics and data in evaluating gun laws.","The article takes a balanced approach by examining historical context, legal precedents, and statistical evidence to evaluate the constitutionality of gun control. It does not exhibit extreme left or right-leaning bias, making it a center classification."
Political Sentiment Analysis of Example Text,Neutral,The provided text does not contain any specific political sentiment or bias.,"The text is neutral and does not contain any language or content that indicates a right-leaning, center, or left-leaning political sentiment. Therefore, it is classified as neutral."
Political Sentiment Analysis of Example Text,Neutral,The provided text does not contain any specific political sentiment or bias.,"The text does not contain any political references, opinions, or language that would indicate a particular political leaning. Therefore, it is classified as neutral."
Political Sentiment Analysis of Example Text,Neutral,The provided text does not contain any specific political sentiment or bias.,"The text is neutral and does not contain any language or content that indicates a right-leaning, center, or left-leaning political sentiment."
Constitutional Woodworking,Center,The article discusses the process and effort put into creating a fountain pen and case with engravings relating to the Constitution. The author explores the inspiration behind the project and the abstract representation of how the Constitution can be interpreted. The engravings on the pen case symbolize the clash between modernist and textualist views on the Constitution.,"The text does not exhibit clear bias towards either left or right-leaning political ideologies. It focuses on the artistic and abstract representation of constitutional interpretation, which aligns with a center classification. The author presents both modernist and textualist views without explicitly favoring one over the other, contributing to the center classification."
A Constitutional Perspective on Modern Gun Control,Center,"The article analyzes the constitutionality of modern gun control using various techniques for interpreting the Constitution. It discusses landmark Supreme Court cases, the historical context of the Second Amendment, modern gun control legislation, and the role of statistics and data in evaluating gun laws.","The article takes a balanced approach by examining historical context, legal precedents, and statistical evidence to evaluate the constitutionality of gun control. It does not exhibit extreme right or left-leaning bias, making it a center classification."
Political Sentiment Analysis of Example Text,Neutral,The provided text does not contain any specific political sentiment or bias.,"The text is neutral and does not express any particular political leaning or sentiment. Therefore, it is classified as neutral."
Political Sentiment Analysis of Example Text,Neutral,The provided text does not contain any specific political sentiment or bias.,"The text is neutral and does not express any political leaning or opinion. Therefore, it is classified as neutral."
Constitutional Woodworking,Center,"The article discusses the process of creating a fountain pen and case with engravings relating to the Constitution, as well as the inspiration behind the project and the abstract representation of Constitutional ideas. The author explores the interpretations of the Constitution through modernism and textualism, using quotes from Jose Andres and Supreme Court Justice Scalia.","The text is classified as center-leaning because it discusses both modernist and textualist interpretations of the Constitution without explicitly favoring one over the other. The author presents a balanced view of the different approaches to interpreting the Constitution, indicating a moderate stance."
Constitutional Woodworking,3,"The article discusses the creation of a fountain pen and case with engravings relating to the Constitution, aiming to provoke thought about how the Constitution can be interpreted. The project uses woodworking to symbolize the passage of time and different interpretations of the Constitution.","The text discusses the creation of a fountain pen and case with engravings relating to the Constitution, aiming to provoke thought about how the Constitution can be interpreted. While the tone is serious and informative, there are elements of irony and sarcasm in the way the author discusses the different interpretations of the Constitution and the symbolism behind the choice of wood for the project."
A Constitutional Perspective on Modern Gun Control,Center,"The article analyzes the constitutionality of modern gun control using various techniques for interpreting the Constitution. It discusses landmark Supreme Court cases, the historical context of the Second Amendment, modern gun control legislation, and the role of statistics and data in evaluating gun laws.","The article takes a balanced approach, considering historical context, modern interpretation, and statistical evidence. It does not exhibit extreme left or right-leaning bias, making it a center classification."
A Constitutional Perspective on Modern Gun Control,7,"The article discusses the constitutionality of modern gun control laws in the US, examining historical context, interpretations of the Second Amendment, modern gun control legislation, and the use of statistics and data in evaluating the constitutionality of laws.","The text contains a high level of complexity and depth in discussing the constitutional aspects of gun control, which could be interpreted as a form of sarcasm or irony. The detailed analysis and extensive use of legal references may indicate a level of skepticism or criticism towards the current state of gun control laws in the US, leading to a classification of 7 for sarcasm."
Elon Musk’s Shadow Rule,Center,"The article discusses Elon Musk's influence on the U.S. government and his involvement in the war in Ukraine, as well as his role in various industries, including space exploration, electric cars, and artificial intelligence.","The article presents a balanced view of Elon Musk's influence, discussing both positive and negative aspects of his involvement in various sectors. It does not exhibit a clear bias towards left or right-leaning perspectives, hence it is classified as center-leaning."
Art Presentation Squads,neutral,"Students presented art pieces related to the constitution, with varying degrees of relevance and creativity. Some pieces focused on fundamental rights and the balance of powers, while others discussed specific amendments and supreme court cases.","The text contains a mix of positive and negative comments on the substance relating to course material, with some students showing a deep understanding of the constitution and its relevance, while others lacked depth in their presentations. Overall, the text does not lean strongly towards either positive or negative sentiment, hence the neutral classification."
Unknown,Unknown,The text does not provide enough information to determine the geographic area it was written.,"The provided text is too vague and does not contain any specific references to a geographic area, making it impossible to classify the location."
Elon Musk’s Shadow Rule,United States,"The article discusses Elon Musk's influence on the U.S. government and his involvement in the war in Ukraine, as well as his impact on various industries such as space exploration, electric cars, and artificial intelligence.","The article mentions various locations and events within the United States, such as Musk's involvement with NASA, the Department of Defense, and his companies Tesla and SpaceX, indicating that the text was written in the United States."
Elon Musk’s Shadow Rule,United States,"The article discusses Elon Musk's influence on the U.S. government and his involvement in the war in Ukraine, particularly through his company SpaceX's provision of Internet access to the country's forces. It also delves into Musk's growing unease with the use of his technology for warfare and his influence in various sectors, including space exploration, electric cars, and artificial intelligence.","The article discusses Musk's influence on the U.S. government and his involvement in the war in Ukraine, which points to the geographic area being the United States."
Elon Musk’s Shadow Rule,non-fiction,"The article discusses Elon Musk's influence on the U.S. government and his involvement in the war in Ukraine, particularly through his company SpaceX and the provision of Internet access. It also delves into Musk's personal views and actions, including his interest in artificial intelligence and his recent acquisition of Twitter.","The article is classified as non-fiction because it is a factual account of Elon Musk's activities and influence, including his interactions with government officials, his business ventures, and his personal beliefs and actions."
